<?xml version="1.0" encoding="UTF-8"?>
<beans xmlns="http://www.springframework.org/schema/beans"
	xmlns:xsi="http://www.w3.org/2001/XMLSchema-instance"
	xmlns:context="http://www.springframework.org/schema/context"
	xsi:schemaLocation="http://www.springframework.org/schema/beans http://www.springframework.org/schema/beans/spring-beans.xsd
		http://www.springframework.org/schema/context http://www.springframework.org/schema/context/spring-context-4.3.xsd">
    
    <!-- service -->
    <bean id="userService" class="com.pcwk.ehr.UserServiceImpl">
        <property name="userDao" ref="userDao"></property>
    </bean>
    
    <!-- DataSource를 구현한 SimpleDriverDataSource -->
    <bean id="dataSource" class="org.springframework.jdbc.datasource.SimpleDriverDataSource">
        <!-- jdbc Driver -->
        <property name="driverClass" value="oracle.jdbc.driver.OracleDriver"/>
        <!-- jdbc URL -->
        <property name="url" value="jdbc:oracle:thin:@192.168.3.101:1521:xe"></property>
        <!-- jdbc userName -->
        <property name="username" value="SPRING"></property>
        <!-- jdbc password -->
        <property name="password" value="pcwk_spring"></property>
    </bean>
    
    <!-- dao -->
    <bean id="userDao" class="com.pcwk.ehr.UserDaoImpl">
        <!-- setter를 통한 의존관계 주입 -->
        <property name="dataSource" ref="dataSource"/>
    </bean>
    
    

</beans>
