<?xml version="1.0" encoding="UTF-8" ?>
<!DOCTYPE configuration
  PUBLIC "-//mybatis.org//DTD Config 3.0//EN"
  "http://mybatis.org/dtd/mybatis-3-config.dtd">
<configuration>
  <settings>
    <setting name="logImpl" value="LOG4J2"/>
<!--     <setting name="mapUnderscoreToCamelCase" value="true"/> -->
  </settings>
  <typeAliases>
    <typeAlias type="com.pcwk.fire.user.domain.UserVO" alias="UserVO"/>
    <typeAlias type="com.pcwk.fire.cmn.SearchVO" alias="SearchVO"/>
  </typeAliases>
  
</configuration>